{
  "method": "strict_3point_alignment",
  "valid_frames_used": 54,
  "num_electrodes": 14,
  "filters": {
    "min_frames": 10,
    "max_std_dev": 50.0
  },
  "head_relative_positions": {
    "9": {
      "rel_x": -5.407020648492699,
      "rel_y": 58.13097226579193,
      "std_x": 135.6083546911755,
      "std_y": 109.13435358029496,
      "count": 54,
      "quality": "unstable"
    },
    "11": {
      "rel_x": -39.76270422310604,
      "rel_y": 43.40819575261135,
      "std_x": 157.9363935726602,
      "std_y": 161.54629347873524,
      "count": 45,
      "quality": "unstable"
    },
    "20": {
      "rel_x": -29.00504750764671,
      "rel_y": 68.5305774700006,
      "std_x": 165.78810717759947,
      "std_y": 183.81791567015512,
      "count": 46,
      "quality": "unstable"
    },
    "21": {
      "rel_x": -20.751052414345654,
      "rel_y": 22.43889644385162,
      "std_x": 117.69620120372737,
      "std_y": 86.03059684692518,
      "count": 54,
      "quality": "unstable"
    },
    "22": {
      "rel_x": -26.697163191817133,
      "rel_y": 69.42264076891773,
      "std_x": 164.58918955256928,
      "std_y": 155.9814860037382,
      "count": 54,
      "quality": "unstable"
    },
    "23": {
      "rel_x": -44.797023102848904,
      "rel_y": 34.193490165318174,
      "std_x": 152.7536505523942,
      "std_y": 157.9872742650502,
      "count": 48,
      "quality": "unstable"
    },
    "3": {
      "rel_x": -21.982171938479304,
      "rel_y": 33.8189048719356,
      "std_x": 115.28584816041668,
      "std_y": 94.92873181959776,
      "count": 42,
      "quality": "unstable"
    },
    "18": {
      "rel_x": -30.500537529097002,
      "rel_y": 126.51492616829862,
      "std_x": 320.3551869148771,
      "std_y": 292.73154825127216,
      "count": 39,
      "quality": "unstable"
    },
    "24": {
      "rel_x": -8.751235395469514,
      "rel_y": 140.45238737559654,
      "std_x": 280.6307029646119,
      "std_y": 178.11838468606416,
      "count": 34,
      "quality": "unstable"
    },
    "4": {
      "rel_x": -29.037657572454812,
      "rel_y": 35.95546363928237,
      "std_x": 142.87990232594495,
      "std_y": 112.8776363909233,
      "count": 13,
      "quality": "unstable"
    },
    "8": {
      "rel_x": 59.46800233988554,
      "rel_y": 185.88453066834907,
      "std_x": 179.7984354055546,
      "std_y": 44.553803385319505,
      "count": 11,
      "quality": "unstable"
    },
    "10": {
      "rel_x": 35.186264052855776,
      "rel_y": 69.59043549056594,
      "std_x": 230.87387799614802,
      "std_y": 12.183959940340308,
      "count": 10,
      "quality": "unstable"
    },
    "12": {
      "rel_x": 77.52284482276676,
      "rel_y": 247.0353939158197,
      "std_x": 301.57043115982486,
      "std_y": 16.363033639660564,
      "count": 11,
      "quality": "unstable"
    },
    "16": {
      "rel_x": 65.95228730761195,
      "rel_y": 222.9681506792398,
      "std_x": 321.5723128272433,
      "std_y": 22.14647486423633,
      "count": 11,
      "quality": "unstable"
    }
  },
  "pixel_positions": {
    "9": {
      "x": 394.5929793515073,
      "y": 341.8690277342081
    },
    "11": {
      "x": 360.237295776894,
      "y": 356.59180424738867
    },
    "20": {
      "x": 370.99495249235326,
      "y": 331.4694225299994
    },
    "21": {
      "x": 379.2489475856543,
      "y": 377.5611035561484
    },
    "22": {
      "x": 373.30283680818286,
      "y": 330.57735923108226
    },
    "23": {
      "x": 355.2029768971511,
      "y": 365.80650983468183
    },
    "3": {
      "x": 378.0178280615207,
      "y": 366.1810951280644
    },
    "18": {
      "x": 369.499462470903,
      "y": 273.48507383170136
    },
    "24": {
      "x": 391.2487646045305,
      "y": 259.5476126244034
    },
    "4": {
      "x": 370.9623424275452,
      "y": 364.04453636071764
    },
    "8": {
      "x": 459.4680023398855,
      "y": 214.11546933165093
    },
    "10": {
      "x": 435.1862640528558,
      "y": 330.40956450943406
    },
    "12": {
      "x": 477.52284482276673,
      "y": 152.9646060841803
    },
    "16": {
      "x": 465.952287307612,
      "y": 177.0318493207602
    }
  },
  "reference_landmarks": {
    "NAS": {
      "x": 400,
      "y": 150
    },
    "LPA": {
      "x": 200,
      "y": 400
    },
    "RPA": {
      "x": 600,
      "y": 400
    }
  }
}