{
  "method": "multi_view_stitching",
  "num_segments": 2,
  "num_electrodes": 18,
  "head_relative_positions": {
    "4": {
      "rel_x": -35.08432379011723,
      "rel_y": -23.829979613939873,
      "std": 99.13525188024931,
      "count": 6
    },
    "6": {
      "rel_x": -44.6138540403431,
      "rel_y": -39.49898192434557,
      "std": 57.45215641950258,
      "count": 9
    },
    "7": {
      "rel_x": -46.88045092395985,
      "rel_y": -45.92509824954465,
      "std": 76.03572265791996,
      "count": 5
    },
    "8": {
      "rel_x": 59.46800233988554,
      "rel_y": 185.88453066834907,
      "std": 112.17611939543704,
      "count": 11
    },
    "9": {
      "rel_x": 59.40250858920576,
      "rel_y": 185.75912559210784,
      "std": 112.295195906435,
      "count": 11
    },
    "10": {
      "rel_x": 35.186264052855776,
      "rel_y": 69.59043549056594,
      "std": 121.52891896824417,
      "count": 10
    },
    "12": {
      "rel_x": 77.52284482276676,
      "rel_y": 247.0353939158197,
      "std": 158.9667323997427,
      "count": 11
    },
    "13": {
      "rel_x": -50.56852848261052,
      "rel_y": -41.14399921148414,
      "std": 79.35990204502069,
      "count": 5
    },
    "16": {
      "rel_x": 65.95228730761195,
      "rel_y": 222.9681506792398,
      "std": 171.85939384573982,
      "count": 11
    },
    "21": {
      "rel_x": -17.077885302761604,
      "rel_y": 10.669659228632812,
      "std": 70.40746162053787,
      "count": 11
    },
    "22": {
      "rel_x": 51.972505982192686,
      "rel_y": 169.7805517150281,
      "std": 108.89545140390372,
      "count": 11
    },
    "23": {
      "rel_x": -33.312497954463595,
      "rel_y": -43.53330378537937,
      "std": 74.26176394063067,
      "count": 5
    },
    "24": {
      "rel_x": 0.5143211838478279,
      "rel_y": 69.37986896965484,
      "std": 126.67624249808367,
      "count": 11
    },
    "20": {
      "rel_x": 114.54089001837517,
      "rel_y": 370.4538790481595,
      "std": 142.62883798569055,
      "count": 4
    },
    "11": {
      "rel_x": -32.99448880278457,
      "rel_y": 28.471140152134318,
      "std": 159.78184656421018,
      "count": 43
    },
    "3": {
      "rel_x": -8.285262212531935,
      "rel_y": 19.038932555149195,
      "std": 105.10728999000722,
      "count": 42
    },
    "18": {
      "rel_x": -16.80362780314963,
      "rel_y": 111.73495385151222,
      "std": 306.54336758307466,
      "count": 39
    },
    "25": {
      "rel_x": 86.13467371229501,
      "rel_y": 217.46709133410639,
      "std": 320.3553801456536,
      "count": 6
    }
  },
  "pixel_positions": {
    "4": {
      "x": 364.91567620988275,
      "y": 423.8299796139399
    },
    "6": {
      "x": 355.3861459596569,
      "y": 439.49898192434557
    },
    "7": {
      "x": 353.11954907604013,
      "y": 445.92509824954465
    },
    "8": {
      "x": 459.4680023398855,
      "y": 214.11546933165093
    },
    "9": {
      "x": 459.40250858920575,
      "y": 214.24087440789216
    },
    "10": {
      "x": 435.1862640528558,
      "y": 330.40956450943406
    },
    "12": {
      "x": 477.52284482276673,
      "y": 152.9646060841803
    },
    "13": {
      "x": 349.43147151738947,
      "y": 441.14399921148413
    },
    "16": {
      "x": 465.952287307612,
      "y": 177.0318493207602
    },
    "21": {
      "x": 382.9221146972384,
      "y": 389.33034077136716
    },
    "22": {
      "x": 451.9725059821927,
      "y": 230.2194482849719
    },
    "23": {
      "x": 366.6875020455364,
      "y": 443.53330378537936
    },
    "24": {
      "x": 400.5143211838478,
      "y": 330.6201310303452
    },
    "20": {
      "x": 514.5408900183752,
      "y": 29.54612095184052
    },
    "11": {
      "x": 367.0055111972154,
      "y": 371.5288598478657
    },
    "3": {
      "x": 391.71473778746804,
      "y": 380.9610674448508
    },
    "18": {
      "x": 383.19637219685035,
      "y": 288.2650461484878
    },
    "25": {
      "x": 486.134673712295,
      "y": 182.53290866589361
    }
  },
  "reference_landmarks": {
    "NAS": {
      "x": 400,
      "y": 150
    },
    "LPA": {
      "x": 200,
      "y": 400
    },
    "RPA": {
      "x": 600,
      "y": 400
    }
  }
}